session_key,race_date,year,circuit,drivers,above_floor,median_quote_cov,median_trade_cov,median_fresh_cov,min_fresh_cov,trades,volume_usd,retention,dense_coverage,drivers_above_floor,usable_minutes,usable_frac,scored_pairs,median_overround
9558,2024-07-07,2024,Silverstone,6,2,0.9917355371900827,0.045454545454545456,0.16942148760330578,0.0,60,34626.7,0.22865013774104684,False,2,0,0.0,0,0.5676813186
9582,2024-08-25,2024,Zandvoort,6,4,0.9917355371900827,0.07024793388429752,0.2603305785123967,0.0,78,58470.05,0.3209366391184573,False,4,69,0.5702479338842975,183,0.9994931820999999
9590,2024-09-01,2024,Monza,6,6,0.9917355371900827,0.2024793388429752,0.5537190082644629,0.09917355371900827,187,164037.33,0.5041322314049587,False,6,77,0.6363636363636364,296,1.0059999519999998
9598,2024-09-15,2024,Baku,6,6,0.9917355371900827,0.17768595041322316,0.5661157024793388,0.049586776859504134,194,164573.583351,0.5055096418732782,False,7,72,0.5950413223140496,263,1.0
9606,2024-09-22,2024,Singapore,6,6,0.9917355371900827,0.09090909090909091,0.36363636363636365,0.05785123966942149,131,190753.788771,0.4297520661157025,False,7,78,0.6446280991735537,279,0.97786
9617,2024-10-20,2024,Austin,6,5,0.9917355371900827,0.16115702479338845,0.5330578512396694,0.11570247933884298,168,137633.025367,0.5261707988980716,False,5,91,0.7520661157024794,301,0.991
9625,2024-10-27,2024,Mexico City,6,6,0.9917355371900827,0.2603305785123967,0.5661157024793388,0.0,228,151361.03456,0.5027548209366391,False,8,81,0.6694214876033058,300,1.0
9636,2024-11-03,2024,Interlagos,6,6,0.9917355371900827,0.3677685950413223,0.9090909090909092,0.5619834710743802,577,207990.829055,0.837465564738292,True,8,90,0.743801652892562,566,0.926015758458468
9644,2024-11-24,2024,Las Vegas,6,6,1.0,0.425,0.7833333333333333,0.5333333333333333,586,537287.526603,0.7638888888888888,False,8,95,0.7916666666666666,642,1.016341109883754
9655,2024-12-01,2024,Lusail,6,6,0.9917355371900827,0.40909090909090906,0.8223140495867769,0.30578512396694213,612,543433.340877,0.7052341597796143,True,8,117,0.9669421487603306,673,1.0223720331974384
9662,2024-12-08,2024,Yas Marina Circuit,6,6,0.9917355371900827,0.2892561983471074,0.6983471074380165,0.1652892561983471,444,332391.04829,0.6460055096418733,False,8,102,0.8429752066115702,532,1.018
9693,2025-03-16,2025,Melbourne,6,6,0.9917355371900827,0.3677685950413223,0.5826446280991735,0.049586776859504134,1313,849299.569034,0.5440771349862259,False,20,119,0.9834710743801653,1263,1.0123720800430842
9998,2025-03-23,2025,Shanghai,6,6,0.9917355371900827,0.3181818181818182,0.7355371900826446,0.6611570247933884,520,326798.699723,0.790633608815427,False,14,115,0.9504132231404959,678,1.0047762130089049
10006,2025-04-06,2025,Suzuka,6,6,0.9917355371900827,0.004132231404958678,0.024793388429752067,0.0,226,845955.7728939999,0.16804407713498623,False,20,107,0.8842975206611571,567,0.9999848484757576
10014,2025-04-13,2025,Sakhir,6,6,0.9917355371900827,0.371900826446281,0.8223140495867769,0.0,511,267909.68175600003,0.6831955922865014,True,16,111,0.9173553719008265,539,1.001
10022,2025-04-20,2025,Jeddah,6,6,0.9917355371900827,0.23553719008264462,0.5867768595041323,0.0,456,298803.381228,0.6074380165289256,False,7,118,0.9752066115702479,439,1.0089798062990296
10033,2025-05-04,2025,Miami,6,6,0.9917355371900827,0.4380165289256198,0.8264462809917354,0.34710743801652894,897,683377.532854,0.768595041322314,True,12,119,0.9834710743801653,623,1.0201933624795334
9987,2025-05-18,2025,Imola,6,6,0.9917355371900827,0.5991735537190083,0.8471074380165289,0.4297520661157025,1763,814536.290314,0.8057851239669421,True,20,121,1.0,778,1.0112247732365227
9979,2025-05-25,2025,Monte Carlo,6,6,0.9917355371900827,0.5909090909090909,0.9173553719008265,0.5537190082644629,1084,877811.286858,0.8250688705234159,True,17,119,0.9834710743801653,794,1.0271619576995077
9971,2025-06-01,2025,Catalunya,6,6,0.9917355371900827,0.4462809917355372,0.731404958677686,0.2396694214876033,1119,803584.992062,0.6639118457300276,False,20,119,0.9834710743801653,493,1.0042601282577706
9963,2025-06-15,2025,Montreal,6,6,0.9917355371900827,0.6363636363636364,0.7975206611570248,0.6528925619834711,1460,576508.910724,0.8236914600550964,False,11,120,0.9917355371900827,687,1.008733445172393
9955,2025-06-29,2025,Spielberg,6,6,0.9917355371900827,0.5165289256198347,0.7024793388429752,0.2231404958677686,2215,750166.714128,0.6721763085399449,False,20,121,1.0,591,1.0249493212093341
9947,2025-07-06,2025,Silverstone,6,6,0.9917355371900827,0.6942148760330579,0.9545454545454546,0.512396694214876,2634,854337.492188,0.8636363636363636,True,20,120,0.9917355371900827,1253,1.0076220842080654
9939,2025-07-27,2025,Spa-Francorchamps,6,6,0.9917355371900827,0.42148760330578516,0.8801652892561984,0.6859504132231405,919,742862.717237,0.8457300275482094,True,20,95,0.7851239669421488,760,0.9804417557208349
9928,2025-08-03,2025,Hungaroring,6,6,0.9917355371900827,0.8016528925619835,0.9504132231404958,0.4214876033057851,3251,2131998.852543,0.8333333333333334,True,20,119,0.9834710743801653,675,1.0085073568937992
9920,2025-08-31,2025,Zandvoort,6,6,0.9917355371900827,0.48760330578512395,0.7355371900826446,0.38016528925619836,2137,709110.484842,0.71900826446281,False,20,119,0.9834710743801653,589,1.0120663939923213
9912,2025-09-07,2025,Monza,6,6,0.9917355371900827,0.5041322314049587,0.7727272727272727,0.45454545454545453,1520,561340.983281,0.7548209366391184,False,13,119,0.9834710743801653,643,1.001
9904,2025-09-21,2025,Baku,6,6,0.9917355371900827,0.2272727272727273,0.6528925619834711,0.4214876033057851,436,1112537.238578,0.6859504132231405,False,11,117,0.9669421487603306,740,1.0016532368956432
9896,2025-10-05,2025,Singapore,6,6,0.9917355371900827,0.6487603305785123,0.9338842975206612,0.3140495867768595,2064,1134278.357843,0.7548209366391184,True,16,121,1.0,663,1.012562180139239
9888,2025-10-19,2025,Austin,6,6,0.9917355371900827,0.4132231404958677,0.7644628099173554,0.49586776859504134,1155,607668.117384,0.756198347107438,False,9,119,0.9834710743801653,591,1.0026539810000004
9877,2025-10-26,2025,Mexico City,6,6,0.9917355371900827,0.4462809917355372,0.7231404958677685,0.4214876033057851,1361,837672.437655,0.731404958677686,False,10,120,0.9917355371900827,628,1.0158316485369714
9869,2025-11-09,2025,Interlagos,6,6,0.9917355371900827,0.4421487603305785,0.8925619834710744,0.1652892561983471,1268,1430116.747714,0.6859504132231405,True,19,118,0.9752066115702479,762,1.0087583810423049
9858,2025-11-23,2025,Las Vegas,6,6,0.9917355371900827,0.40082644628099173,0.7933884297520661,0.512396694214876,990,649050.989329,0.7837465564738292,False,18,119,0.9834710743801653,616,1.0113321944265716
9850,2025-11-30,2025,Lusail,6,6,0.9917355371900827,0.48760330578512395,0.7107438016528926,0.0,2288,1719463.3147800001,0.628099173553719,False,18,121,1.0,526,1.0107583235315494
9839,2025-12-07,2025,Yas Marina Circuit,6,6,0.9917355371900827,0.4421487603305785,0.6694214876033058,0.049586776859504134,1160,566586.545943,0.6253443526170799,False,11,112,0.9256198347107438,464,1.0200970980952462
11234,2026-03-08,2026,Melbourne,6,6,0.9917355371900827,0.6983471074380165,0.9008264462809918,0.6115702479338843,2459,0.0,0.8484848484848485,True,6,120,0.9917355371900827,615,1.0103122015569181
11245,2026-03-15,2026,Shanghai,6,6,0.9917355371900827,0.6570247933884298,0.8388429752066116,0.1322314049586777,2479,0.0,0.7300275482093664,True,6,120,0.9917355371900827,529,1.0087718369918788
11253,2026-03-29,2026,Suzuka,6,6,0.987603305785124,0.743801652892562,0.9008264462809918,0.32231404958677684,3161,1335965.57223,0.8223140495867769,True,14,121,1.0,745,1.011012723326765
11280,2026-05-03,2026,Miami,6,6,0.9917355371900827,0.7975206611570248,0.9793388429752066,0.8842975206611571,3785,1031176.1161399999,0.9600550964187328,True,15,121,1.0,1045,1.0225457159927385
11291,2026-05-24,2026,Montreal,6,6,0.9917355371900827,0.5950413223140496,0.859504132231405,0.4297520661157025,1835,914848.4666630003,0.7865013774104683,True,16,120,0.9917355371900827,762,1.0159717230296366
11299,2026-06-07,2026,Monte Carlo,6,6,0.9917355371900827,0.5702479338842975,0.8429752066115703,0.39669421487603307,1900,1339894.5456369992,0.7741046831955923,True,22,121,1.0,709,1.0189711476386747
11307,2026-06-14,2026,Catalunya,6,6,0.9917355371900827,0.6735537190082644,0.9297520661157025,0.5867768595041323,3054,880871.2717549991,0.871900826446281,True,12,121,1.0,709,1.015802993722839
11315,2026-06-28,2026,Spielberg,6,6,0.9917355371900827,0.7479338842975207,0.9421487603305785,0.628099173553719,3555,793709.0170199996,0.8856749311294766,True,8,121,1.0,742,1.0199019505694442
11326,2026-07-05,2026,Silverstone,6,6,0.9917355371900827,0.731404958677686,0.9173553719008265,0.6363636363636364,4232,923382.1333120004,0.8760330578512396,True,13,121,1.0,694,1.01868149354482
11334,2026-07-19,2026,Spa-Francorchamps,6,6,0.9917355371900827,0.6528925619834711,0.8884297520661157,0.3140495867768595,3393,1049874.150421,0.803030303030303,True,9,121,1.0,715,1.012
11342,2026-07-26,2026,Hungaroring,6,6,0.9917355371900827,0.7892561983471074,0.9504132231404958,0.8677685950413223,3891,1342291.8003189992,0.9435261707988981,True,8,121,1.0,761,1.0135219816623886
11353,2026-08-23,2026,Zandvoort,6,6,0.9917355371900827,0.5206611570247934,0.9462809917355373,0.2644628099173554,1476,420462.45112599997,0.8443526170798898,True,19,118,0.9752066115702479,786,1.0478786764309165
11361,2026-09-06,2026,Monza,6,6,0.9917355371900827,0.7975206611570248,0.9917355371900827,0.9008264462809917,4618,978742.2800369997,0.9738292011019284,True,10,121,1.0,885,1.0331439571957097
11369,2026-09-13,2026,Madring,6,6,0.9917355371900827,0.7520661157024793,0.9090909090909092,0.30578512396694213,3630,772056.9430539999,0.7988980716253443,True,7,121,1.0,601,1.010507207750924
